{
    "adapt_mode": 2, 
    "children": [
        {
            "children": [], 
            "clipping_type": 0, 
            "event_list": [], 
            "name": "layout_1", 
            "pos": {
                "__tuple__": true, 
                "items": [
                    960.0, 
                    540.0
                ]
            }, 
            "type": 7, 
            "uid": "f106086d-6068-4f64-8060-605b1d629157"
        }, 
        {
            "adapter_option": [
                true, 
                true, 
                true, 
                true, 
                219.00005493164065, 
                -222.0000061035156, 
                -0.00002899169930969947, 
                -0.00002899169930969947
            ], 
            "cap_insets": {
                "__tuple__": true, 
                "items": [
                    0, 
                    0, 
                    410, 
                    456
                ]
            }, 
            "children": [
                {
                    "adapter_option": [
                        true, 
                        true, 
                        true, 
                        true, 
                        -62.590911865234375, 
                        62.590911865234375, 
                        -0.2553253173828125, 
                        0.2553253173828125
                    ], 
                    "children": [], 
                    "event_list": [], 
                    "image": 100047, 
                    "name": "Overlay", 
                    "opacity": 0.6, 
                    "open_adapter": true, 
                    "pos": {
                        "__tuple__": true, 
                        "items": [
                            204.0, 
                            216.42613220214844
                        ]
                    }, 
                    "pos_percent": {
                        "__tuple__": true, 
                        "items": [
                            49.93749849190319, 
                            70.34349212363534
                        ]
                    }, 
                    "size": {
                        "__tuple__": true, 
                        "items": [
                            408.5106506347656, 
                            307.6704406738281
                        ]
                    }, 
                    "type": 4, 
                    "uid": "9053b0a8-7cd6-47bd-9c62-7bba4b5bd128"
                }
            ], 
            "event_list": [], 
            "image": 120835, 
            "is_scale9_enable": true, 
            "name": "Background", 
            "open_adapter": true, 
            "pos": {
                "__tuple__": true, 
                "items": [
                    960.0, 
                    319.4999694824219
                ]
            }, 
            "pos_percent": {
                "__tuple__": true, 
                "items": [
                    50.0, 
                    29.583330507631654
                ]
            }, 
            "scale": {
                "__tuple__": true, 
                "items": [
                    4.7, 
                    3.52
                ]
            }, 
            "size": {
                "__tuple__": true, 
                "items": [
                    408.5106506347656, 
                    307.6704406738281
                ]
            }, 
            "swallow_touches": true, 
            "type": 4, 
            "uid": "c9641536-0e36-4579-992c-00fe9f81459f"
        }, 
        {
            "adapter_option": [
                false, 
                false, 
                false, 
                false, 
                356.9999084472656, 
                641.0001525878906, 
                783.0, 
                783.0
            ], 
            "background_type": 0, 
            "bar_status": true, 
            "children": [
                {
                    "alignment": {
                        "__tuple__": true, 
                        "items": [
                            2, 
                            8
                        ]
                    }, 
                    "children": [], 
                    "event_list": [], 
                    "font": {
                        "__tuple__": true, 
                        "items": [
                            "HKYuanW7", 
                            29
                        ]
                    }, 
                    "name": "StartDesc", 
                    "pos": {
                        "__tuple__": true, 
                        "items": [
                            177.0, 
                            40.9998779296875
                        ]
                    }, 
                    "pos_percent": {
                        "__tuple__": true, 
                        "items": [
                            50.0, 
                            49.99988835024083
                        ]
                    }, 
                    "size": {
                        "__tuple__": true, 
                        "items": [
                            352.0, 
                            44.000030517578125
                        ]
                    }, 
                    "text": {
                        "__tuple__": true, 
                        "items": [
                            "\u8fdb\u5165\u5bf9\u5c40", 
                            false
                        ]
                    }, 
                    "type": 3, 
                    "uid": "9f1018f5-c197-4b56-89c5-b7ac3eccccfe"
                }
            ], 
            "event_list": [
                {
                    "action_list": [], 
                    "enabled": true, 
                    "name": "StartButton_ClickHandle", 
                    "sound_id": 112972, 
                    "type": 1
                }
            ], 
            "name": "StartButton", 
            "normal_color": {
                "__tuple__": true, 
                "items": [
                    10, 
                    10, 
                    10, 
                    178
                ]
            }, 
            "opacity": 0.97, 
            "open_adapter": true, 
            "pos": {
                "__tuple__": true, 
                "items": [
                    960.0, 
                    682.0001220703125
                ]
            }, 
            "pos_percent": {
                "__tuple__": true, 
                "items": [
                    50.0, 
                    63.148159450954864
                ]
            }, 
            "press_color": {
                "__tuple__": true, 
                "items": [
                    0, 
                    0, 
                    0, 
                    178
                ]
            }, 
            "size": {
                "__tuple__": true, 
                "items": [
                    354.0, 
                    81.99993896484375
                ]
            }, 
            "suspend_color": {
                "__tuple__": true, 
                "items": [
                    60, 
                    60, 
                    60, 
                    178
                ]
            }, 
            "swallow_touches": true, 
            "touch_scale": {
                "__tuple__": true, 
                "items": [
                    0.9, 
                    0.9
                ]
            }, 
            "type": 1, 
            "uid": "1db89d52-6f50-4d73-b6dd-e9838de16703"
        }, 
        {
            "background_type": 0, 
            "bar_status": true, 
            "children": [
                {
                    "alignment": {
                        "__tuple__": true, 
                        "items": [
                            2, 
                            8
                        ]
                    }, 
                    "children": [], 
                    "event_list": [],